feature,catboost,mean_importance,max_importance,min_importance,std_importance,vote_count,rank,cumulative_mean
ad_line,5.752153342203465,5.752153342203465,5.752153342203465,5.752153342203465,,1,1,5.752153342203465
obv_sma,4.180832523485897,4.180832523485897,4.180832523485897,4.180832523485897,,1,2,9.932985865689362
price_above_ma200_pct,4.1619029591382715,4.1619029591382715,4.1619029591382715,4.1619029591382715,,1,3,14.094888824827635
price_52w_low,3.986236309466144,3.986236309466144,3.986236309466144,3.986236309466144,,1,4,18.081125134293778
stock_vs_spy_ratio,3.847760884064607,3.847760884064607,3.847760884064607,3.847760884064607,,1,5,21.928886018358384
vwap,3.7703615821303686,3.7703615821303686,3.7703615821303686,3.7703615821303686,,1,6,25.699247600488754
stock_vs_spy_volatility,3.3498837612211276,3.3498837612211276,3.3498837612211276,3.3498837612211276,,1,7,29.049131361709883
spy_rsi_lag5,3.139692072212307,3.139692072212307,3.139692072212307,3.139692072212307,,1,8,32.18882343392219
obv,2.2772590487880637,2.2772590487880637,2.2772590487880637,2.2772590487880637,,1,9,34.46608248271025
spy_rsi,2.18626159366578,2.18626159366578,2.18626159366578,2.18626159366578,,1,10,36.65234407637603
momentum_60d,2.142545981654591,2.142545981654591,2.142545981654591,2.142545981654591,,1,11,38.794890058030624
atr_normalized_lag5,2.0478632607988967,2.0478632607988967,2.0478632607988967,2.0478632607988967,,1,12,40.84275331882952
spy_return_20d,1.8234460859395778,1.8234460859395778,1.8234460859395778,1.8234460859395778,,1,13,42.6661994047691
natr_lag5,1.7915204057893301,1.7915204057893301,1.7915204057893301,1.7915204057893301,,1,14,44.45771981055843
ma_long_slope,1.6129946737496532,1.6129946737496532,1.6129946737496532,1.6129946737496532,,1,15,46.070714484308084
insider_sell_value_30d,1.5053297815353683,1.5053297815353683,1.5053297815353683,1.5053297815353683,,1,16,47.57604426584345
volatility_20d,1.4803341626133617,1.4803341626133617,1.4803341626133617,1.4803341626133617,,1,17,49.05637842845681
insider_buy_volume_30d,1.374003315832156,1.374003315832156,1.374003315832156,1.374003315832156,,1,18,50.430381744288965
ma_200,1.2810109741863207,1.2810109741863207,1.2810109741863207,1.2810109741863207,,1,19,51.71139271847529
atr_ratio_10d,1.2803418021801363,1.2803418021801363,1.2803418021801363,1.2803418021801363,,1,20,52.99173452065543
insider_sell_count_30d,1.25705373650082,1.25705373650082,1.25705373650082,1.25705373650082,,1,21,54.24878825715625
spy_rsi_lag3,1.1917241804180327,1.1917241804180327,1.1917241804180327,1.1917241804180327,,1,22,55.440512437574284
natr_lag3,1.1520391190389212,1.1520391190389212,1.1520391190389212,1.1520391190389212,,1,23,56.5925515566132
tp_volume,1.147121674828458,1.147121674828458,1.147121674828458,1.147121674828458,,1,24,57.73967323144166
sma_200,1.1461475870492057,1.1461475870492057,1.1461475870492057,1.1461475870492057,,1,25,58.88582081849086
ma_50_above_200,1.1346598625283715,1.1346598625283715,1.1346598625283715,1.1346598625283715,,1,26,60.02048068101924
natr,1.0926921134487264,1.0926921134487264,1.0926921134487264,1.0926921134487264,,1,27,61.113172794467964
adx,1.0522331703289987,1.0522331703289987,1.0522331703289987,1.0522331703289987,,1,28,62.16540596479696
insider_buy_value_30d,1.0281615590796358,1.0281615590796358,1.0281615590796358,1.0281615590796358,,1,29,63.193567523876595
spy_rsi_lag1,0.9750195513110318,0.9750195513110318,0.9750195513110318,0.9750195513110318,,1,30,64.16858707518763
spy_rsi_lag2,0.9429883768251308,0.9429883768251308,0.9429883768251308,0.9429883768251308,,1,31,65.11157545201276
insider_buy_count_30d,0.9108798981581943,0.9108798981581943,0.9108798981581943,0.9108798981581943,,1,32,66.02245535017096
aroon_osc,0.9086059466709748,0.9086059466709748,0.9086059466709748,0.9086059466709748,,1,33,66.93106129684193
rsi_vs_spy_lag5,0.8317849074476984,0.8317849074476984,0.8317849074476984,0.8317849074476984,,1,34,67.76284620428963
market_regime_bear,0.7971638091242033,0.7971638091242033,0.7971638091242033,0.7971638091242033,,1,35,68.56001001341383
insider_sentiment_30d,0.7784228473552673,0.7784228473552673,0.7784228473552673,0.7784228473552673,,1,36,69.3384328607691
atr_normalized,0.7543718023167831,0.7543718023167831,0.7543718023167831,0.7543718023167831,,1,37,70.09280466308589
natr_lag2,0.7529149659779915,0.7529149659779915,0.7529149659779915,0.7529149659779915,,1,38,70.84571962906388
spy_return_5d,0.7493958915592019,0.7493958915592019,0.7493958915592019,0.7493958915592019,,1,39,71.59511552062308
insider_net_buy_ratio_30d,0.7470880354028776,0.7470880354028776,0.7470880354028776,0.7470880354028776,,1,40,72.34220355602596
market_regime_bull,0.6908964562612524,0.6908964562612524,0.6908964562612524,0.6908964562612524,,1,41,73.03310001228722
atr_lag5,0.6304713015386655,0.6304713015386655,0.6304713015386655,0.6304713015386655,,1,42,73.66357131382588
stock_vs_spy_momentum,0.6274636079653011,0.6274636079653011,0.6274636079653011,0.6274636079653011,,1,43,74.29103492179118
macd_signal_lag5,0.6062291233675929,0.6062291233675929,0.6062291233675929,0.6062291233675929,,1,44,74.89726404515878
ppo,0.5891349229824032,0.5891349229824032,0.5891349229824032,0.5891349229824032,,1,45,75.48639896814119
stock_vs_spy_5d,0.5223099738291619,0.5223099738291619,0.5223099738291619,0.5223099738291619,,1,46,76.00870894197035
insider_value_unusual_80,0.5178635514005561,0.5178635514005561,0.5178635514005561,0.5178635514005561,,1,47,76.5265724933709
bb_width_lag5,0.48403645500901427,0.48403645500901427,0.48403645500901427,0.48403645500901427,,0,48,77.01060894837993
natr_lag1,0.4797440603784752,0.4797440603784752,0.4797440603784752,0.4797440603784752,,0,49,77.4903530087584
plus_di,0.4495583814723739,0.4495583814723739,0.4495583814723739,0.4495583814723739,,0,50,77.93991139023078
adosc,0.43955500330654806,0.43955500330654806,0.43955500330654806,0.43955500330654806,,0,51,78.37946639353733
atr_normalized_lag3,0.42603289165722086,0.42603289165722086,0.42603289165722086,0.42603289165722086,,0,52,78.80549928519454
kc_lower,0.42142370111057015,0.42142370111057015,0.42142370111057015,0.42142370111057015,,0,53,79.22692298630511
minus_di,0.4156393316454129,0.4156393316454129,0.4156393316454129,0.4156393316454129,,0,54,79.64256231795052
bb_width,0.4148927485705418,0.4148927485705418,0.4148927485705418,0.4148927485705418,,0,55,80.05745506652106
volatility_10d,0.41368829508247296,0.41368829508247296,0.41368829508247296,0.41368829508247296,,0,56,80.47114336160354
atr_normalized_lag2,0.4104932156037523,0.4104932156037523,0.4104932156037523,0.4104932156037523,,0,57,80.88163657720729
atr,0.38664328661578895,0.38664328661578895,0.38664328661578895,0.38664328661578895,,0,58,81.26827986382308
kc_upper,0.362229290672696,0.362229290672696,0.362229290672696,0.362229290672696,,0,59,81.63050915449578
price_above_ma50_pct,0.3492907867663678,0.3492907867663678,0.3492907867663678,0.3492907867663678,,0,60,81.97979994126216
volatility_ratio,0.34865331874757527,0.34865331874757527,0.34865331874757527,0.34865331874757527,,0,61,82.32845326000974
ma_20_above_50,0.34689045608832336,0.34689045608832336,0.34689045608832336,0.34689045608832336,,0,62,82.67534371609806
atr_normalized_lag1,0.32293211304479835,0.32293211304479835,0.32293211304479835,0.32293211304479835,,0,63,82.99827582914286
market_regime_correction,0.3108303341837702,0.3108303341837702,0.3108303341837702,0.3108303341837702,,0,64,83.30910616332663
insider_buy_unusual_80,0.3020661385844547,0.3020661385844547,0.3020661385844547,0.3020661385844547,,0,65,83.61117230191108
ma_50,0.2984463133817567,0.2984463133817567,0.2984463133817567,0.2984463133817567,,0,66,83.90961861529284
insider_sell_unusual_80,0.29416997898011676,0.29416997898011676,0.29416997898011676,0.29416997898011676,,0,67,84.20378859427296
volatility_contraction,0.2907537365034359,0.2907537365034359,0.2907537365034359,0.2907537365034359,,0,68,84.4945423307764
rsi_vs_spy,0.28562127232324597,0.28562127232324597,0.28562127232324597,0.28562127232324597,,0,69,84.78016360309964
atr_lag2,0.2844127728129127,0.2844127728129127,0.2844127728129127,0.2844127728129127,,0,70,85.06457637591255
bb_lower_lag5,0.28183199101198453,0.28183199101198453,0.28183199101198453,0.28183199101198453,,0,71,85.34640836692454
plus_dm_smooth,0.2780565498523128,0.2780565498523128,0.2780565498523128,0.2780565498523128,,0,72,85.62446491677684
ma_short,0.2766716943536616,0.2766716943536616,0.2766716943536616,0.2766716943536616,,0,73,85.90113661113051
atr_lag1,0.25602532789838894,0.25602532789838894,0.25602532789838894,0.25602532789838894,,0,74,86.1571619390289
ema_slow_lag5,0.25430070398399585,0.25430070398399585,0.25430070398399585,0.25430070398399585,,0,75,86.4114626430129
bb_lower_lag3,0.24928241525240397,0.24928241525240397,0.24928241525240397,0.24928241525240397,,0,76,86.6607450582653
ma_long_lag5,0.24702555654507694,0.24702555654507694,0.24702555654507694,0.24702555654507694,,0,77,86.90777061481039
macd_histogram_lag5,0.2418737093579665,0.2418737093579665,0.2418737093579665,0.2418737093579665,,0,78,87.14964432416835
bb_lower,0.23519276102170394,0.23519276102170394,0.23519276102170394,0.23519276102170394,,0,79,87.38483708519006
atr_lag3,0.23124130542143423,0.23124130542143423,0.23124130542143423,0.23124130542143423,,0,80,87.61607839061149
volume_lag1,0.2306540854096029,0.2306540854096029,0.2306540854096029,0.2306540854096029,,0,81,87.84673247602109
volume_lag3,0.22339023604947303,0.22339023604947303,0.22339023604947303,0.22339023604947303,,0,82,88.07012271207056
volume_lag2,0.2157123364969142,0.2157123364969142,0.2157123364969142,0.2157123364969142,,0,83,88.28583504856748
stock_vs_spy_5d_lag5,0.2156427129023363,0.2156427129023363,0.2156427129023363,0.2156427129023363,,0,84,88.50147776146981
ema_slow,0.21435937730933216,0.21435937730933216,0.21435937730933216,0.21435937730933216,,0,85,88.71583713877915
insider_buy_at_52w_low,0.21093701272179075,0.21093701272179075,0.21093701272179075,0.21093701272179075,,0,86,88.92677415150094
stddev_lag5,0.20500409822260496,0.20500409822260496,0.20500409822260496,0.20500409822260496,,0,87,89.13177824972354
ma_long_lag3,0.20284088046715137,0.20284088046715137,0.20284088046715137,0.20284088046715137,,0,88,89.33461913019069
psar_trend,0.20224397578902506,0.20224397578902506,0.20224397578902506,0.20224397578902506,,0,89,89.53686310597972
macd_signal,0.19643439090732692,0.19643439090732692,0.19643439090732692,0.19643439090732692,,0,90,89.73329749688705
bb_width_lag1,0.19080634577049163,0.19080634577049163,0.19080634577049163,0.19080634577049163,,0,91,89.92410384265754
aroon_down,0.19026764419359415,0.19026764419359415,0.19026764419359415,0.19026764419359415,,0,92,90.11437148685114
volume_vs_avg_recent,0.18662048384364446,0.18662048384364446,0.18662048384364446,0.18662048384364446,,0,93,90.30099197069478
near_52w_low,0.18608248844618058,0.18608248844618058,0.18608248844618058,0.18608248844618058,,0,94,90.48707445914096
kama,0.18203743884066856,0.18203743884066856,0.18203743884066856,0.18203743884066856,,0,95,90.66911189798162
macd_signal_lag2,0.18013417449389385,0.18013417449389385,0.18013417449389385,0.18013417449389385,,0,96,90.84924607247552
macd_histogram,0.17997983898788544,0.17997983898788544,0.17997983898788544,0.17997983898788544,,0,97,91.02922591146341
macd_signal_lag3,0.17323097567363985,0.17323097567363985,0.17323097567363985,0.17323097567363985,,0,98,91.20245688713705
bb_upper,0.17141498712813286,0.17141498712813286,0.17141498712813286,0.17141498712813286,,0,99,91.37387187426518
macd_lag5,0.16957687306048336,0.16957687306048336,0.16957687306048336,0.16957687306048336,,0,100,91.54344874732566
volume_lag5,0.1653106309931978,0.1653106309931978,0.1653106309931978,0.1653106309931978,,0,101,91.70875937831886
insider_conviction_strong,0.16286982228266916,0.16286982228266916,0.16286982228266916,0.16286982228266916,,0,102,91.87162920060153
stddev_lag3,0.16122504925152373,0.16122504925152373,0.16122504925152373,0.16122504925152373,,0,103,92.03285424985306
ema_fast,0.15794640120659878,0.15794640120659878,0.15794640120659878,0.15794640120659878,,0,104,92.19080065105966
close,0.15595497532742458,0.15595497532742458,0.15595497532742458,0.15595497532742458,,0,105,92.34675562638708
minus_dm_smooth,0.1515010569275537,0.1515010569275537,0.1515010569275537,0.1515010569275537,,0,106,92.49825668331464
bb_width_lag2,0.15078465055973037,0.15078465055973037,0.15078465055973037,0.15078465055973037,,0,107,92.64904133387437
bb_upper_lag5,0.14818723676893575,0.14818723676893575,0.14818723676893575,0.14818723676893575,,0,108,92.7972285706433
ma_short_lag3,0.1460139465980817,0.1460139465980817,0.1460139465980817,0.1460139465980817,,0,109,92.94324251724139
md,0.14338494346098662,0.14338494346098662,0.14338494346098662,0.14338494346098662,,0,110,93.08662746070237
volume,0.14258869815394537,0.14258869815394537,0.14258869815394537,0.14258869815394537,,0,111,93.22921615885632
rsi_vs_spy_lag3,0.1379215610741699,0.1379215610741699,0.1379215610741699,0.1379215610741699,,0,112,93.36713771993048
bb_width_lag3,0.13503279502666363,0.13503279502666363,0.13503279502666363,0.13503279502666363,,0,113,93.50217051495714
cluster_buying_30d,0.13422175317690108,0.13422175317690108,0.13422175317690108,0.13422175317690108,,0,114,93.63639226813405
ma_short_slope,0.1322916897786754,0.1322916897786754,0.1322916897786754,0.1322916897786754,,0,115,93.76868395791271
stock_vs_spy_5d_lag1,0.13164447748208888,0.13164447748208888,0.13164447748208888,0.13164447748208888,,0,116,93.9003284353948
macd_signal_lag1,0.13066908299904945,0.13066908299904945,0.13066908299904945,0.13066908299904945,,0,117,94.03099751839385
bb_middle,0.13001899780986084,0.13001899780986084,0.13001899780986084,0.13001899780986084,,0,118,94.1610165162037
ema_slow_lag1,0.12871006016837913,0.12871006016837913,0.12871006016837913,0.12871006016837913,,0,119,94.28972657637208
macd_histogram_lag3,0.12855830100334553,0.12855830100334553,0.12855830100334553,0.12855830100334553,,0,120,94.41828487737543
ema_slow_lag3,0.1280999746576596,0.1280999746576596,0.1280999746576596,0.1280999746576596,,0,121,94.54638485203309
macd_lag1,0.1278855346991137,0.1278855346991137,0.1278855346991137,0.1278855346991137,,0,122,94.6742703867322
kc_middle,0.1219123448043151,0.1219123448043151,0.1219123448043151,0.1219123448043151,,0,123,94.79618273153652
ma_long,0.12146440011089456,0.12146440011089456,0.12146440011089456,0.12146440011089456,,0,124,94.91764713164741
linearreg_slope,0.12146168296418793,0.12146168296418793,0.12146168296418793,0.12146168296418793,,0,125,95.0391088146116
stoch_d,0.1211897699822739,0.1211897699822739,0.1211897699822739,0.1211897699822739,,0,126,95.16029858459387
ema_fast_lag5,0.11913939951890531,0.11913939951890531,0.11913939951890531,0.11913939951890531,,0,127,95.27943798411277
rsi_lag3,0.1147173420927728,0.1147173420927728,0.1147173420927728,0.1147173420927728,,0,128,95.39415532620555
rsi_vs_spy_lag1,0.11341780409771861,0.11341780409771861,0.11341780409771861,0.11341780409771861,,0,129,95.50757313030327
macd_histogram_lag1,0.11113762371035285,0.11113762371035285,0.11113762371035285,0.11113762371035285,,0,130,95.61871075401362
cci,0.10983984690464414,0.10983984690464414,0.10983984690464414,0.10983984690464414,,0,131,95.72855060091827
bb_upper_lag1,0.10956051258195368,0.10956051258195368,0.10956051258195368,0.10956051258195368,,0,132,95.83811111350022
rsi_vs_spy_lag2,0.10694015249083794,0.10694015249083794,0.10694015249083794,0.10694015249083794,,0,133,95.94505126599105
bb_lower_lag2,0.10467097204232437,0.10467097204232437,0.10467097204232437,0.10467097204232437,,0,134,96.04972223803338
ma_long_lag2,0.10369855112929728,0.10369855112929728,0.10369855112929728,0.10369855112929728,,0,135,96.15342078916268
tp_sma,0.10281911931782073,0.10281911931782073,0.10281911931782073,0.10281911931782073,,0,136,96.2562399084805
insider_sell_at_high,0.10248406037214454,0.10248406037214454,0.10248406037214454,0.10248406037214454,,0,137,96.35872396885264
stoch_d_lag3,0.09995152389321674,0.09995152389321674,0.09995152389321674,0.09995152389321674,,0,138,96.45867549274585
apo,0.09396812143035822,0.09396812143035822,0.09396812143035822,0.09396812143035822,,0,139,96.55264361417622
low,0.09271400843090216,0.09271400843090216,0.09271400843090216,0.09271400843090216,,0,140,96.64535762260712
bb_upper_lag2,0.08960366723502391,0.08960366723502391,0.08960366723502391,0.08960366723502391,,0,141,96.73496128984215
psar,0.08958511254613719,0.08958511254613719,0.08958511254613719,0.08958511254613719,,0,142,96.82454640238828
open,0.08942382249695403,0.08942382249695403,0.08942382249695403,0.08942382249695403,,0,143,96.91397022488523
insider_buy_unusual_90,0.08298859038493399,0.08298859038493399,0.08298859038493399,0.08298859038493399,,0,144,96.99695881527016
aroon_up,0.08235112928988655,0.08235112928988655,0.08235112928988655,0.08235112928988655,,0,145,97.07930994456005
mfi_lag3,0.08008103995468527,0.08008103995468527,0.08008103995468527,0.08008103995468527,,0,146,97.15939098451474
macd_histogram_lag2,0.07850494915194786,0.07850494915194786,0.07850494915194786,0.07850494915194786,,0,147,97.23789593366669
momentum_20d,0.07629230509775052,0.07629230509775052,0.07629230509775052,0.07629230509775052,,0,148,97.31418823876444
bb_middle_lag3,0.0746028457450014,0.0746028457450014,0.0746028457450014,0.0746028457450014,,0,149,97.38879108450945
bb_lower_lag1,0.07194779388839113,0.07194779388839113,0.07194779388839113,0.07194779388839113,,0,150,97.46073887839783
stddev_lag2,0.07073636841966564,0.07073636841966564,0.07073636841966564,0.07073636841966564,,0,151,97.5314752468175
stoch_d_lag5,0.06793764395142533,0.06793764395142533,0.06793764395142533,0.06793764395142533,,0,152,97.59941289076892
macd_change_1d,0.06649931042438395,0.06649931042438395,0.06649931042438395,0.06649931042438395,,0,153,97.66591220119331
momentum_10d_lag5,0.0659007329115485,0.0659007329115485,0.0659007329115485,0.0659007329115485,,0,154,97.73181293410485
daily_return,0.06549571000934146,0.06549571000934146,0.06549571000934146,0.06549571000934146,,0,155,97.7973086441142
ma_long_lag1,0.06497283712316317,0.06497283712316317,0.06497283712316317,0.06497283712316317,,0,156,97.86228148123736
momentum_10d_lag2,0.06348059118502637,0.06348059118502637,0.06348059118502637,0.06348059118502637,,0,157,97.92576207242239
stock_vs_spy_5d_lag3,0.06325876965826878,0.06325876965826878,0.06325876965826878,0.06325876965826878,,0,158,97.98902084208065
high,0.06298570524911698,0.06298570524911698,0.06298570524911698,0.06298570524911698,,0,159,98.05200654732977
insider_sell_when_up,0.0628314009866526,0.0628314009866526,0.0628314009866526,0.0628314009866526,,0,160,98.11483794831642
close_lag2,0.060475344394521804,0.060475344394521804,0.060475344394521804,0.060475344394521804,,0,161,98.17531329271094
daily_return_lag1,0.06014011845686505,0.06014011845686505,0.06014011845686505,0.06014011845686505,,0,162,98.23545341116781
stddev,0.05992267285870838,0.05992267285870838,0.05992267285870838,0.05992267285870838,,0,163,98.29537608402651
tp,0.058821913093449356,0.058821913093449356,0.058821913093449356,0.058821913093449356,,0,164,98.35419799711997
ema_slow_lag2,0.05840873696915791,0.05840873696915791,0.05840873696915791,0.05840873696915791,,0,165,98.41260673408912
macd_lag2,0.05644043332640088,0.05644043332640088,0.05644043332640088,0.05644043332640088,,0,166,98.46904716741552
bb_middle_lag5,0.05591537174250612,0.05591537174250612,0.05591537174250612,0.05591537174250612,,0,167,98.52496253915803
momentum_10d_lag3,0.055882524882011286,0.055882524882011286,0.055882524882011286,0.055882524882011286,,0,168,98.58084506404003
close_lag5,0.054602284575077285,0.054602284575077285,0.054602284575077285,0.054602284575077285,,0,169,98.63544734861512
insider_at_52w_low,0.054127666325857006,0.054127666325857006,0.054127666325857006,0.054127666325857006,,0,170,98.68957501494097
roc_lag2,0.052696514271119,0.052696514271119,0.052696514271119,0.052696514271119,,0,171,98.74227152921209
cci_lag1,0.05241523115670464,0.05241523115670464,0.05241523115670464,0.05241523115670464,,0,172,98.79468676036879
insider_below_ma200,0.052027216710329734,0.052027216710329734,0.052027216710329734,0.052027216710329734,,0,173,98.84671397707912
price_above_ma20_pct,0.04956981094267671,0.04956981094267671,0.04956981094267671,0.04956981094267671,,0,174,98.89628378802179
rsi_lag2,0.04691815738014437,0.04691815738014437,0.04691815738014437,0.04691815738014437,,0,175,98.94320194540194
ma_short_lag1,0.04483553924801574,0.04483553924801574,0.04483553924801574,0.04483553924801574,,0,176,98.98803748464995
bop,0.04385285564338043,0.04385285564338043,0.04385285564338043,0.04385285564338043,,0,177,99.03189034029333
mfi_lag2,0.042725853161506615,0.042725853161506615,0.042725853161506615,0.042725853161506615,,0,178,99.07461619345483
willr_lag3,0.04226894712291427,0.04226894712291427,0.04226894712291427,0.04226894712291427,,0,179,99.11688514057775
macd,0.041863611497728444,0.041863611497728444,0.041863611497728444,0.041863611497728444,,0,180,99.15874875207548
bb_middle_lag2,0.0417948750932727,0.0417948750932727,0.0417948750932727,0.0417948750932727,,0,181,99.20054362716876
bb_upper_lag3,0.04142503975540052,0.04142503975540052,0.04142503975540052,0.04142503975540052,,0,182,99.24196866692415
roc,0.041282041778388893,0.041282041778388893,0.041282041778388893,0.041282041778388893,,0,183,99.28325070870254
ema_fast_lag1,0.03980498248156444,0.03980498248156444,0.03980498248156444,0.03980498248156444,,0,184,99.32305569118411
mfv,0.03973969602972057,0.03973969602972057,0.03973969602972057,0.03973969602972057,,0,185,99.36279538721384
momentum_5d_1d,0.03796883533525175,0.03796883533525175,0.03796883533525175,0.03796883533525175,,0,186,99.40076422254909
ma_20,0.03728312406399682,0.03728312406399682,0.03728312406399682,0.03728312406399682,,0,187,99.43804734661309
momentum_10d_lag1,0.03500116338386251,0.03500116338386251,0.03500116338386251,0.03500116338386251,,0,188,99.47304850999696
roc_lag3,0.034633946795813025,0.034633946795813025,0.034633946795813025,0.034633946795813025,,0,189,99.50768245679276
stoch_k,0.03206440799734895,0.03206440799734895,0.03206440799734895,0.03206440799734895,,0,190,99.53974686479012
close_lag3,0.028599844634166444,0.028599844634166444,0.028599844634166444,0.028599844634166444,,0,191,99.56834670942429
price_vs_lag1,0.0272942565892444,0.0272942565892444,0.0272942565892444,0.0272942565892444,,0,192,99.59564096601353
plus_dm,0.02603113725344266,0.02603113725344266,0.02603113725344266,0.02603113725344266,,0,193,99.62167210326697
ma_short_lag5,0.024893686674859503,0.024893686674859503,0.024893686674859503,0.024893686674859503,,0,194,99.64656578994183
stoch_d_lag1,0.024703120289496776,0.024703120289496776,0.024703120289496776,0.024703120289496776,,0,195,99.67126891023133
gap_up,0.02401089868318316,0.02401089868318316,0.02401089868318316,0.02401089868318316,,0,196,99.69527980891452
willr_lag5,0.023204352116436525,0.023204352116436525,0.023204352116436525,0.023204352116436525,,0,197,99.71848416103096
roc_lag1,0.023107841668265003,0.023107841668265003,0.023107841668265003,0.023107841668265003,,0,198,99.74159200269922
willr_lag1,0.0217289146665373,0.0217289146665373,0.0217289146665373,0.0217289146665373,,0,199,99.76332091736576
insider_buy_bear_market,0.02142108964238789,0.02142108964238789,0.02142108964238789,0.02142108964238789,,0,200,99.78474200700815
willr,0.02013424241902989,0.02013424241902989,0.02013424241902989,0.02013424241902989,,0,201,99.80487624942718
close_lag1,0.018949461195308572,0.018949461195308572,0.018949461195308572,0.018949461195308572,,0,202,99.82382571062249
cmo,0.01781233204533,0.01781233204533,0.01781233204533,0.01781233204533,,0,203,99.84163804266781
rsi_lag5,0.01770402328794063,0.01770402328794063,0.01770402328794063,0.01770402328794063,,0,204,99.85934206595576
stddev_lag1,0.016643423988062064,0.016643423988062064,0.016643423988062064,0.016643423988062064,,0,205,99.87598548994382
ema_fast_lag3,0.016164985416860227,0.016164985416860227,0.016164985416860227,0.016164985416860227,,0,206,99.89215047536068
high_low,0.014446160442408687,0.014446160442408687,0.014446160442408687,0.014446160442408687,,0,207,99.90659663580308
dx,0.0138875012239116,0.0138875012239116,0.0138875012239116,0.0138875012239116,,0,208,99.92048413702699
roc_lag5,0.012640194417175423,0.012640194417175423,0.012640194417175423,0.012640194417175423,,0,209,99.93312433144416
stoch_k_lag3,0.010357312481220135,0.010357312481220135,0.010357312481220135,0.010357312481220135,,0,210,99.94348164392538
stoch_k_lag5,0.008579183945971788,0.008579183945971788,0.008579183945971788,0.008579183945971788,,0,211,99.95206082787135
daily_return_lag2,0.008343531335138358,0.008343531335138358,0.008343531335138358,0.008343531335138358,,0,212,99.96040435920649
mfi_lag1,0.008009461478916334,0.008009461478916334,0.008009461478916334,0.008009461478916334,,0,213,99.96841382068541
minus_dm,0.00754307193093468,0.00754307193093468,0.00754307193093468,0.00754307193093468,,0,214,99.97595689261635
momentum_5d,0.0075399470474154994,0.0075399470474154994,0.0075399470474154994,0.0075399470474154994,,0,215,99.98349683966377
stoch_d_lag2,0.006294374016097953,0.006294374016097953,0.006294374016097953,0.006294374016097953,,0,216,99.98979121367987
daily_return_lag5,0.006018250150138705,0.006018250150138705,0.006018250150138705,0.006018250150138705,,0,217,99.99580946383
low_close,0.004190536170041092,0.004190536170041092,0.004190536170041092,0.004190536170041092,,0,218,100.00000000000004
rsi,0.0,0.0,0.0,0.0,,0,219,100.00000000000004
rsi_change_1d,0.0,0.0,0.0,0.0,,0,220,100.00000000000004
price_change,0.0,0.0,0.0,0.0,,0,221,100.00000000000004
low_diff,0.0,0.0,0.0,0.0,,0,222,100.00000000000004
high_close,0.0,0.0,0.0,0.0,,0,223,100.00000000000004
momentum_5d_lag1,0.0,0.0,0.0,0.0,,0,224,100.00000000000004
stock_vs_spy_5d_lag2,0.0,0.0,0.0,0.0,,0,225,100.00000000000004
rsi_acceleration,0.0,0.0,0.0,0.0,,0,226,100.00000000000004
momentum_5d_lag5,0.0,0.0,0.0,0.0,,0,227,100.00000000000004
momentum_5d_lag3,0.0,0.0,0.0,0.0,,0,228,100.00000000000004
tr,0.0,0.0,0.0,0.0,,0,229,100.00000000000004
momentum_5d_lag2,0.0,0.0,0.0,0.0,,0,230,100.00000000000004
high_diff,0.0,0.0,0.0,0.0,,0,231,100.00000000000004
macd_lag3,0.0,0.0,0.0,0.0,,0,232,100.00000000000004
bb_middle_lag1,0.0,0.0,0.0,0.0,,0,233,100.00000000000004
volatility_expansion,0.0,0.0,0.0,0.0,,0,234,100.00000000000004
rsi_lag1,0.0,0.0,0.0,0.0,,0,235,100.00000000000004
insider_buy_momentum,0.0,0.0,0.0,0.0,,0,236,100.00000000000004
cci_lag2,0.0,0.0,0.0,0.0,,0,237,100.00000000000004
cci_lag3,0.0,0.0,0.0,0.0,,0,238,100.00000000000004
cci_lag5,0.0,0.0,0.0,0.0,,0,239,100.00000000000004
mfi_lag5,0.0,0.0,0.0,0.0,,0,240,100.00000000000004
willr_lag2,0.0,0.0,0.0,0.0,,0,241,100.00000000000004
stoch_k_lag1,0.0,0.0,0.0,0.0,,0,242,100.00000000000004
stoch_k_lag2,0.0,0.0,0.0,0.0,,0,243,100.00000000000004
daily_return_lag3,0.0,0.0,0.0,0.0,,0,244,100.00000000000004
insider_buying_oversold,0.0,0.0,0.0,0.0,,0,245,100.00000000000004
insider_buying_dip,0.0,0.0,0.0,0.0,,0,246,100.00000000000004
momentum_10d,0.0,0.0,0.0,0.0,,0,247,100.00000000000004
mfm,0.0,0.0,0.0,0.0,,0,248,100.00000000000004
gap_down_volume,0.0,0.0,0.0,0.0,,0,249,100.00000000000004
gap_up_volume,0.0,0.0,0.0,0.0,,0,250,100.00000000000004
gap_down,0.0,0.0,0.0,0.0,,0,251,100.00000000000004
consecutive_down_days,0.0,0.0,0.0,0.0,,0,252,100.00000000000004
consecutive_up_days,0.0,0.0,0.0,0.0,,0,253,100.00000000000004
ma_short_lag2,0.0,0.0,0.0,0.0,,0,254,100.00000000000004
cfo_bought_30d,0.0,0.0,0.0,0.0,,0,255,100.00000000000004
cto_bought_30d,0.0,0.0,0.0,0.0,,0,256,100.00000000000004
ceo_bought_30d,0.0,0.0,0.0,0.0,,0,257,100.00000000000004
ema_fast_lag2,0.0,0.0,0.0,0.0,,0,258,100.00000000000004
mfi,0.0,0.0,0.0,0.0,,0,259,100.00000000000004
bb_std,0.0,0.0,0.0,0.0,,0,260,100.00000000000004
insider_contrarian,0.0,0.0,0.0,0.0,,0,261,100.00000000000004
